County,Isotope,Rank,Count,Rank2,T
Ain,54Mn,1,18,1,1
Ain,154Eu,2,18,2,2
Ain,58Co,3,18,3,3
Ain,44Ti,4,18,4,4
Ain,22Na,5,18,5,5
Ain,54Mn,6,18,6,6
Ain,152Eu,7,18,7,7
Ain,63Ni,8,18,8,8
Ain,110mAg,9,18,9,9
Ain,56Co,10,18,10,10
Ain,57Co,11,18,11,11
Ain,137Cs,12,18,12,12
Ain,55Fe,13,18,13,13
Ain,18F,14,18,14,14
Ain,51Cr,15,18,15,15
Ain,60Co,16,18,16,16
Ain,65Zn,17,18,17,17
Ain,3H,18,18,18,18
Aisne,111In,19,7,19,19
Aisne,18F,20,7,20,20
Aisne,123I,21,7,21,21
Aisne,99Mo,22,7,22,22
Aisne,201Tl,23,7,23,23
Aisne,67Ga,24,7,24,24
Aisne,99mTc,25,7,25,25
Alpes-Maritimes,90Y,26,14,26,26
Alpes-Maritimes,18F,27,14,27,27
Alpes-Maritimes,232Th,28,14,28,28
Alpes-Maritimes,123I,29,14,29,29
Alpes-Maritimes,60Co,30,14,30,30
Alpes-Maritimes,99Mo,31,14,31,31
Alpes-Maritimes,152Eu,32,14,32,32
Alpes-Maritimes,U,33,14,33,33
Alpes-Maritimes,137Cs,34,14,34,34
Alpes-Maritimes,239Pu,35,14,35,35
Alpes-Maritimes,209Po,36,14,36,36
Alpes-Maritimes,169Er,37,14,37,37
Alpes-Maritimes,99mTc,38,14,38,38
Alpes-Maritimes,241Am,39,14,39,39
Ardennes,131I,40,12,40,40
Ardennes,58Co,41,12,41,41
Ardennes,111In,42,12,42,42
Ardennes,123I,43,12,43,43
Ardennes,54Mn,44,12,44,44
Ardennes,201Tl,45,12,45,45
Ardennes,110mAg,46,12,46,46
Ardennes,67Ga,47,12,47,47
Ardennes,137Cs,48,12,48,48
Ardennes,60Co,49,12,49,49
Ardennes,65Zn,50,12,50,50
Ardennes,99mTc,51,12,51,51
Ardèche,58Co,52,6,52,52
Ardèche,54Mn,53,6,53,53
Ardèche,110mAg,54,6,54,54
Ardèche,137Cs,55,6,55,55
Ardèche,60Co,56,6,56,56
Ardèche,65Zn,57,6,57,57
Aube,90Y,58,15,58,58
Aube,131I,59,15,59,59
Aube,58Co,60,15,60,60
Aube,111In,61,15,61,61
Aube,18F,62,15,62,62
Aube,123I,63,15,63,63
Aube,56Co,64,15,64,64
Aube,54Mn,65,15,65,65
Aube,110mAg,66,15,66,66
Aube,57Co,67,15,67,67
Aube,137Cs,68,15,68,68
Aube,51Cr,69,15,69,69
Aube,60Co,70,15,70,70
Aube,65Zn,71,15,71,71
Aube,99mTc,72,15,72,72
Aude,111In,73,23,73,73
Aude,232Th,74,23,74,74
Aude,201Tl,75,23,75,75
Aude,235U,76,23,76,76
Aude,99Tc,77,23,77,77
Aude,242Pu,78,23,78,78
Aude,131I,79,23,79,79
Aude,237Np,80,23,80,80
Aude,99mTc,81,23,81,81
Aude,110mAg,82,23,82,82
Aude,234U,83,23,83,83
Aude,67Ga,84,23,84,84
Aude,239Pu,85,23,85,85
Aude,227Th,86,23,86,86
Aude,238U,87,23,87,87
Aude,243Am,88,23,88,88
Aude,241Am,89,23,89,89
Aude,226Ra,90,23,90,90
Aude,58Co,91,23,91,91
Aude,123I,92,23,92,92
Aude,60Co,93,23,93,93
Aude,241Pu,94,23,94,94
Aude,137Cs,95,23,95,95
Bas-Rhin,111In,96,25,96,96
Bas-Rhin,18F,97,25,97,97
Bas-Rhin,232Th,98,25,98,98
Bas-Rhin,54Mn,99,25,99,99
Bas-Rhin,201Tl,100,25,100,100
Bas-Rhin,137Cs,101,25,101,
Bas-Rhin,41Ca,102,25,102,
Bas-Rhin,55Fe,103,25,103,
Bas-Rhin,131I,104,25,104,
Bas-Rhin,52Mn,105,25,105,
Bas-Rhin,88Y,106,25,106,
Bas-Rhin,99mTc,107,25,107,
Bas-Rhin,152Eu,108,25,108,
Bas-Rhin,235U,109,25,109,
Bas-Rhin,67Ga,110,25,110,
Bas-Rhin,57Co,111,25,111,
Bas-Rhin,238U,112,25,112,
Bas-Rhin,3H,113,25,113,
Bas-Rhin,133Ba,114,25,114,
Bas-Rhin,241Am,115,25,115,
Bas-Rhin,58Co,116,25,116,
Bas-Rhin,123I,117,25,117,
Bas-Rhin,56Co,118,25,118,
Bas-Rhin,177Lu,119,25,119,
Bas-Rhin,60Co,120,25,120,
Bouches-du-Rhône,111In,121,22,121,
Bouches-du-Rhône,18F,122,22,122,
Bouches-du-Rhône,63Ni,123,22,123,
Bouches-du-Rhône,201Tl,124,22,124,
Bouches-du-Rhône,228Ra,125,22,125,
Bouches-du-Rhône,55Fe,126,22,126,
Bouches-du-Rhône,131I,127,22,127,
Bouches-du-Rhône,213Bi,128,22,128,
Bouches-du-Rhône,99mTc,129,22,129,
Bouches-du-Rhône,110mAg,130,22,130,
Bouches-du-Rhône,204Tl,131,22,131,
Bouches-du-Rhône,67Ga,132,22,132,
Bouches-du-Rhône,68Ga,133,22,133,
Bouches-du-Rhône,58Co,134,22,134,
Bouches-du-Rhône,123I,135,22,135,
Bouches-du-Rhône,177Lu,136,22,136,
Bouches-du-Rhône,137Cs,137,22,137,
Bouches-du-Rhône,Th,138,22,138,
Bouches-du-Rhône,60Co,139,22,139,
Bouches-du-Rhône,125I,140,22,140,
Bouches-du-Rhône,227Ac,141,22,141,
Bouches-du-Rhône,210Pb,142,22,142,
Calvados,44Ti,143,25,143,
Calvados,111In,144,25,144,
Calvados,18F,145,25,145,
Calvados,54Mn,146,25,146,
Calvados,201Tl,147,25,147,
Calvados,53Mn,148,25,148,
Calvados,55Fe,149,25,149,
Calvados,131I,150,25,150,
Calvados,59Fe,151,25,151,
Calvados,22Na,152,25,152,
Calvados,22Na,153,25,153,
Calvados,65Zn,154,25,154,
Calvados,99mTc,155,25,155,
Calvados,32P,156,25,156,
Calvados,54Mn,157,25,157,
Calvados,67Ga,158,25,158,
Calvados,57Co,159,25,159,
Calvados,44Ti,160,25,160,
Calvados,3H,161,25,161,
Calvados,133Ba,162,25,162,
Calvados,58Co,163,25,163,
Calvados,123I,164,25,164,
Calvados,56Co,165,25,165,
Calvados,177Lu,166,25,166,
Calvados,60Co,167,25,167,
Charente-Maritime,131I,168,6,168,
Charente-Maritime,111In,169,6,169,
Charente-Maritime,18F,170,6,170,
Charente-Maritime,123I,171,6,171,
Charente-Maritime,67Ga,172,6,172,
Charente-Maritime,99mTc,173,6,173,
Cher,58Co,174,6,174,
Cher,54Mn,175,6,175,
Cher,110mAg,176,6,176,
Cher,137Cs,177,6,177,
Cher,60Co,178,6,178,
Cher,65Zn,179,6,179,
Corrèze,131I,180,10,180,
Corrèze,54Mn,181,10,181,
Corrèze,60Co,182,10,182,
Corrèze,134Cs,183,10,183,
Corrèze,57Co,184,10,184,
Corrèze,137Cs,185,10,185,
Corrèze,85Sr,186,10,186,
Corrèze,65Zn,187,10,187,
Corrèze,210Pb,188,10,188,
Corrèze,241Am,189,10,189,
Côte-dOr,90Y,190,8,190,
Côte-dOr,68Ga,191,8,191,
Côte-dOr,131I,192,8,192,
Côte-dOr,111In,193,8,193,
Côte-dOr,123I,194,8,194,
Côte-dOr,201Tl,195,8,195,
Côte-dOr,177Lu,196,8,196,
Côte-dOr,99mTc,197,8,197,
Côtes-dArmor,131I,198,6,198,
Côtes-dArmor,111In,199,6,199,
Côtes-dArmor,123I,200,6,200,
Côtes-dArmor,201Tl,201,6,201,
Côtes-dArmor,67Ga,202,6,202,
Côtes-dArmor,99mTc,203,6,203,
Doubs,131I,204,6,204,
Doubs,111In,205,6,205,
Doubs,123I,206,6,206,
Doubs,177Lu,207,6,207,
Doubs,125I,208,6,208,
Doubs,99mTc,209,6,209,
Drôme,131I,210,12,210,
Drôme,58Co,211,12,211,
Drôme,111In,212,12,212,
Drôme,18F,213,12,213,
Drôme,123I,214,12,214,
Drôme,54Mn,215,12,215,
Drôme,201Tl,216,12,216,
Drôme,110mAg,217,12,217,
Drôme,137Cs,218,12,218,
Drôme,60Co,219,12,219,
Drôme,65Zn,220,12,220,
Drôme,99mTc,221,12,221,
Essonne,154Eu,222,55,222,
Essonne,111In,223,55,223,
Essonne,232Th,224,55,224,
Essonne,63Ni,225,55,225,
Essonne,54Mn,226,55,226,
Essonne,201Tl,227,55,227,
Essonne,137Cs,228,55,228,
Essonne,232U,229,55,229,
Essonne,55Fe,230,55,230,
Essonne,U,231,55,231,
Essonne,249Cf,232,55,232,
Essonne,226Ra,233,55,233,
Essonne,55Fe,234,55,234,
Essonne,131I,235,55,235,
Essonne,237Np,236,55,236,
Essonne,155Eu,237,55,237,
Essonne,10Be,238,55,238,
Essonne,Am,239,55,239,
Essonne,65Zn,240,55,240,
Essonne,181W,241,55,241,
Essonne,99mTc,242,55,242,
Essonne,54Mn,243,55,243,
Essonne,182Ta,244,55,244,
Essonne,228Th,245,55,245,
Essonne,152Eu,246,55,246,
Essonne,40K,247,55,247,
Essonne,Pu,248,55,248,
Essonne,110mAg,249,55,249,
Essonne,141Ce,250,55,250,
Essonne,235U,251,55,251,
Essonne,67Ga,252,55,252,
Essonne,57Co,253,55,253,
Essonne,109Cd,254,55,254,
Essonne,238U,255,55,255,
Essonne,252Cf,256,55,256,
Essonne,3H,257,55,257,
Essonne,133Ba,258,55,258,
Essonne,99Tc,259,55,259,
Essonne,241Am,260,55,260,
Essonne,231Pa,261,55,261,
Essonne,226Ra,262,55,262,
Essonne,233U,263,55,263,
Essonne,238Pu,264,55,264,
Essonne,123I,265,55,265,
Essonne,90Sr,266,55,266,
Essonne,60Co,267,55,267,
Essonne,56Co,268,55,268,
Essonne,229Th,269,55,269,
Essonne,137Cs,270,55,270,
Essonne,14C,271,55,271,
Essonne,51Cr,272,55,272,
Essonne,Th,273,55,273,
Essonne,60Co,274,55,274,
Essonne,210Pb,275,55,275,
Essonne,14C,276,55,276,
Finistère,226Ra,277,12,277,
Finistère,68Ga,278,12,278,
Finistère,131I,279,12,279,
Finistère,18F,280,12,280,
Finistère,123I,281,12,281,
Finistère,90Sr,282,12,282,
Finistère,177Lu,283,12,283,
Finistère,234U,284,12,284,
Finistère,235U,285,12,285,
Finistère,99mTc,286,12,286,
Finistère,210Pb,287,12,287,
Finistère,210Po,288,12,288,
Gard,18F,289,31,289,
Gard,63Ni,290,31,290,
Gard,54Mn,291,31,291,
Gard,55Fe,292,31,292,
Gard,235U,293,31,293,
Gard,55Fe,294,31,294,
Gard,131I,295,31,295,
Gard,151Sm,296,31,296,
Gard,65Zn,297,31,297,
Gard,99mTc,298,31,298,
Gard,90Y,299,31,299,
Gard,110mAg,300,31,300,
Gard,240Pu,301,31,301,
Gard,57Co,302,31,302,
Gard,239Pu,303,31,303,
Gard,238U,304,31,304,
Gard,3H,305,31,305,
Gard,99Tc,306,31,306,
Gard,183Re,307,31,307,
Gard,241Am,308,31,308,
Gard,58Co,309,31,309,
Gard,238Pu,310,31,310,
Gard,123I,311,31,311,
Gard,90Sr,312,31,312,
Gard,60Co,313,31,313,
Gard,56Co,314,31,314,
Gard,177Lu,315,31,315,
Gard,14C,316,31,316,
Gard,137Cs,317,31,317,
Gard,51Cr,318,31,318,
Gard,60Co,319,31,319,
Gironde,111In,320,25,320,
Gironde,18F,321,25,321,
Gironde,232Th,322,25,322,
Gironde,54Mn,323,25,323,
Gironde,131I,324,25,324,
Gironde,85Kr,325,25,325,
Gironde,65Zn,326,25,326,
Gironde,99mTc,327,25,327,
Gironde,90Y,328,25,328,
Gironde,110mAg,329,25,329,
Gironde,67Ga,330,25,330,
Gironde,57Co,331,25,331,
Gironde,109Cd,332,25,332,
Gironde,3H,333,25,333,
Gironde,183Re,334,25,334,
Gironde,226Ra,335,25,335,
Gironde,68Ga,336,25,336,
Gironde,58Co,337,25,337,
Gironde,123I,338,25,338,
Gironde,56Co,339,25,339,
Gironde,177Lu,340,25,340,
Gironde,137Cs,341,25,341,
Gironde,51Cr,342,25,342,
Gironde,60Co,343,25,343,
Gironde,125I,344,25,344,
Haut-Rhin,198Au,345,15,345,
Haut-Rhin,131I,346,15,346,
Haut-Rhin,58Co,347,15,347,
Haut-Rhin,111In,348,15,348,
Haut-Rhin,182Ta,349,15,349,
Haut-Rhin,123I,350,15,350,
Haut-Rhin,54Mn,351,15,351,
Haut-Rhin,99Mo,352,15,352,
Haut-Rhin,201Tl,353,15,353,
Haut-Rhin,110mAg,354,15,354,
Haut-Rhin,137Cs,355,15,355,
Haut-Rhin,60Co,356,15,356,
Haut-Rhin,65Zn,357,15,357,
Haut-Rhin,181W,358,15,358,
Haut-Rhin,99mTc,359,15,359,
Haute-Garonne,226Ra,360,17,360,
Haute-Garonne,68Ga,361,17,361,
Haute-Garonne,131I,362,17,362,
Haute-Garonne,111In,363,17,363,
Haute-Garonne,18F,364,17,364,
Haute-Garonne,90Y,365,17,365,
Haute-Garonne,123I,366,17,366,
Haute-Garonne,60Co,367,17,367,
Haute-Garonne,201Tl,368,17,368,
Haute-Garonne,177Lu,369,17,369,
Haute-Garonne,U,370,17,370,
Haute-Garonne,137Cs,371,17,371,
Haute-Garonne,Th,372,17,372,
Haute-Garonne,Am,373,17,373,
Haute-Garonne,51Cr,374,17,374,
Haute-Garonne,125I,375,17,375,
Haute-Garonne,99mTc,376,17,376,
Haute-Loire,131I,377,6,377,
Haute-Loire,111In,378,6,378,
Haute-Loire,123I,379,6,379,
Haute-Loire,201Tl,380,6,380,
Haute-Loire,67Ga,381,6,381,
Haute-Loire,99mTc,382,6,382,
Haute-Marne,131I,383,6,383,
Haute-Marne,111In,384,6,384,
Haute-Marne,99mTc,385,6,385,
Haute-Marne,123I,386,6,386,
Haute-Marne,201Tl,387,6,387,
Haute-Marne,153Sm,388,6,388,
Haute-Vienne,226Ra,389,12,389,
Haute-Vienne,131I,390,12,390,
Haute-Vienne,90Y,391,12,391,
Haute-Vienne,18F,392,12,392,
Haute-Vienne,123I,393,12,393,
Haute-Vienne,90Sr,394,12,394,
Haute-Vienne,208Po,395,12,395,
Haute-Vienne,232U,396,12,396,
Haute-Vienne,68Ge,397,12,397,
Haute-Vienne,239Pu,398,12,398,
Haute-Vienne,99mTc,399,12,399,
Haute-Vienne,210Pb,400,12,400,
Hautes-Pyrénées,131I,401,6,401,
Hautes-Pyrénées,111In,402,6,402,
Hautes-Pyrénées,123I,403,6,403,
Hautes-Pyrénées,201Tl,404,6,404,
Hautes-Pyrénées,125I,405,6,405,
Hautes-Pyrénées,99mTc,406,6,406,
Hauts-de-Seine,154Eu,407,49,407,
Hauts-de-Seine,111In,408,49,408,
Hauts-de-Seine,18F,409,49,409,
Hauts-de-Seine,232Th,410,49,410,
Hauts-de-Seine,63Ni,411,49,411,
Hauts-de-Seine,54Mn,412,49,412,
Hauts-de-Seine,201Tl,413,49,413,
Hauts-de-Seine,230Th,414,49,414,
Hauts-de-Seine,U,415,49,415,
Hauts-de-Seine,108mAg,416,49,416,
Hauts-de-Seine,99Tc,417,49,417,
Hauts-de-Seine,55Fe,418,49,418,
Hauts-de-Seine,131I,419,49,419,
Hauts-de-Seine,237Np,420,49,420,
Hauts-de-Seine,22Na,421,49,421,
Hauts-de-Seine,90Sr,422,49,422,
Hauts-de-Seine,40K,423,49,423,
Hauts-de-Seine,204Tl,424,49,424,
Hauts-de-Seine,99mTc,425,49,425,
Hauts-de-Seine,90Y,426,49,426,
Hauts-de-Seine,210Pb,427,49,427,
Hauts-de-Seine,152Eu,428,49,428,
Hauts-de-Seine,235U,429,49,429,
Hauts-de-Seine,67Ga,430,49,430,
Hauts-de-Seine,57Co,431,49,431,
Hauts-de-Seine,109Cd,432,49,432,
Hauts-de-Seine,238U,433,49,433,
Hauts-de-Seine,3H,434,49,434,
Hauts-de-Seine,133Ba,435,49,435,
Hauts-de-Seine,99Tc,436,49,436,
Hauts-de-Seine,241Am,437,49,437,
Hauts-de-Seine,231Pa,438,49,438,
Hauts-de-Seine,226Ra,439,49,439,
Hauts-de-Seine,68Ga,440,49,440,
Hauts-de-Seine,36Cl,441,49,441,
Hauts-de-Seine,58Co,442,49,442,
Hauts-de-Seine,238Pu,443,49,443,
Hauts-de-Seine,123I,444,49,444,
Hauts-de-Seine,90Sr,445,49,445,
Hauts-de-Seine,60Co,446,49,446,
Hauts-de-Seine,56Co,447,49,447,
Hauts-de-Seine,177Lu,448,49,448,
Hauts-de-Seine,14C,449,49,449,
Hauts-de-Seine,137Cs,450,49,450,
Hauts-de-Seine,51Cr,451,49,451,
Hauts-de-Seine,Th,452,49,452,
Hauts-de-Seine,60Co,453,49,453,
Hauts-de-Seine,210Pb,454,49,454,
Hauts-de-Seine,210Po,455,49,455,
Hérault,90Y,456,17,456,
Hérault,131I,457,17,457,
Hérault,111In,458,17,458,
Hérault,18F,459,17,459,
Hérault,59Fe,460,17,460,
Hérault,123I,461,17,461,
Hérault,54Mn,462,17,462,
Hérault,99Mo,463,17,463,
Hérault,201Tl,464,17,464,
Hérault,177Lu,465,17,465,
Hérault,60Co,466,17,466,
Hérault,45Ca,467,17,467,
Hérault,46Sc,468,17,468,
Hérault,226Ra,469,17,469,
Hérault,55Fe,470,17,470,
Hérault,125I,471,17,471,
Hérault,99mTc,472,17,472,
Ille-et-Vilaine,111In,473,32,473,
Ille-et-Vilaine,63Ni,474,32,474,
Ille-et-Vilaine,54Mn,475,32,475,
Ille-et-Vilaine,232U,476,32,476,
Ille-et-Vilaine,45Ca,477,32,477,
Ille-et-Vilaine,55Fe,478,32,478,
Ille-et-Vilaine,242Pu,479,32,479,
Ille-et-Vilaine,131I,480,32,480,
Ille-et-Vilaine,52Mn,481,32,481,
Ille-et-Vilaine,22Na,482,32,482,
Ille-et-Vilaine,90Sr,483,32,483,
Ille-et-Vilaine,153Sm,484,32,484,
Ille-et-Vilaine,99mTc,485,32,485,
Ille-et-Vilaine,152Eu,486,32,486,
Ille-et-Vilaine,110mAg,487,32,487,
Ille-et-Vilaine,57Co,488,32,488,
Ille-et-Vilaine,243Am,489,32,489,
Ille-et-Vilaine,3H,490,32,490,
Ille-et-Vilaine,133Ba,491,32,491,
Ille-et-Vilaine,99Tc,492,32,492,
Ille-et-Vilaine,58Co,493,32,493,
Ille-et-Vilaine,36Cl,494,32,494,
Ille-et-Vilaine,123I,495,32,495,
Ille-et-Vilaine,90Sr,496,32,496,
Ille-et-Vilaine,60Co,497,32,497,
Ille-et-Vilaine,56Co,498,32,498,
Ille-et-Vilaine,177Lu,499,32,499,
Ille-et-Vilaine,241Pu,500,32,500,
Ille-et-Vilaine,14C,501,32,501,
Ille-et-Vilaine,137Cs,502,32,502,
Ille-et-Vilaine,51Cr,503,32,503,
Ille-et-Vilaine,60Co,504,32,504,
Indre-et-Loire,111In,505,23,505,
Indre-et-Loire,18F,506,23,506,
Indre-et-Loire,63Ni,507,23,507,
Indre-et-Loire,54Mn,508,23,508,
Indre-et-Loire,55Fe,509,23,509,
Indre-et-Loire,55Fe,510,23,510,
Indre-et-Loire,57Co,511,23,511,
Indre-et-Loire,131I,512,23,512,
Indre-et-Loire,65Zn,513,23,513,
Indre-et-Loire,99mTc,514,23,514,
Indre-et-Loire,99Mo,515,23,515,
Indre-et-Loire,110mAg,516,23,516,
Indre-et-Loire,3H,517,23,517,
Indre-et-Loire,59Ni,518,23,518,
Indre-et-Loire,68Ga,519,23,519,
Indre-et-Loire,58Co,520,23,520,
Indre-et-Loire,123I,521,23,521,
Indre-et-Loire,90Sr,522,23,522,
Indre-et-Loire,177Lu,523,23,523,
Indre-et-Loire,241Pu,524,23,524,
Indre-et-Loire,14C,525,23,525,
Indre-et-Loire,137Cs,526,23,526,
Indre-et-Loire,60Co,527,23,527,
Isère,111In,528,24,528,
Isère,18F,529,24,529,
Isère,54Mn,530,24,530,
Isère,201Tl,531,24,531,
Isère,131I,532,24,532,
Isère,22Na,533,24,533,
Isère,22Na,534,24,534,
Isère,65Zn,535,24,535,
Isère,99mTc,536,24,536,
Isère,54Mn,537,24,537,
Isère,90Y,538,24,538,
Isère,110mAg,539,24,539,
Isère,134Cs,540,24,540,
Isère,57Co,541,24,541,
Isère,99Tc,542,24,542,
Isère,3H,543,24,543,
Isère,68Ga,544,24,544,
Isère,58Co,545,24,545,
Isère,177Lu,546,24,546,
Isère,14C,547,24,547,
Isère,137Cs,548,24,548,
Isère,99mTc,549,24,549,
Isère,60Co,550,24,550,
Isère,125I,551,24,551,
La Réunion,198Au,552,10,552,
La Réunion,58Co,553,10,553,
La Réunion,56Co,554,10,554,
La Réunion,54Mn,555,10,555,
La Réunion,57Co,556,10,556,
La Réunion,109Cd,557,10,557,
La Réunion,51Cr,558,10,558,
La Réunion,65Zn,559,10,559,
La Réunion,181W,560,10,560,
La Réunion,124Sb,561,10,561,
Loir-et-Cher,58Co,562,6,562,
Loir-et-Cher,54Mn,563,6,563,
Loir-et-Cher,110mAg,564,6,564,
Loir-et-Cher,137Cs,565,6,565,
Loir-et-Cher,60Co,566,6,566,
Loir-et-Cher,65Zn,567,6,567,
Loire,90Y,568,9,568,
Loire,68Ga,569,9,569,
Loire,131I,570,9,570,
Loire,111In,571,9,571,
Loire,18F,572,9,572,
Loire,123I,573,9,573,
Loire,201Tl,574,9,574,
Loire,67Ga,575,9,575,
Loire,99mTc,576,9,576,
Loire-Atlantique,83Rb,577,32,577,
Loire-Atlantique,111In,578,32,578,
Loire-Atlantique,18F,579,32,579,
Loire-Atlantique,63Ni,580,32,580,
Loire-Atlantique,U,581,32,581,
Loire-Atlantique,55Fe,582,32,582,
Loire-Atlantique,131I,583,32,583,
Loire-Atlantique,22Na,584,32,584,
Loire-Atlantique,22Na,585,32,585,
Loire-Atlantique,65Zn,586,32,586,
Loire-Atlantique,99mTc,587,32,587,
Loire-Atlantique,54Mn,588,32,588,
Loire-Atlantique,90Y,589,32,589,
Loire-Atlantique,152Eu,590,32,590,
Loire-Atlantique,57Co,591,32,591,
Loire-Atlantique,238U,592,32,592,
Loire-Atlantique,99Tc,593,32,593,
Loire-Atlantique,3H,594,32,594,
Loire-Atlantique,225Ac,595,32,595,
Loire-Atlantique,241Am,596,32,596,
Loire-Atlantique,226Ra,597,32,597,
Loire-Atlantique,68Ga,598,32,598,
Loire-Atlantique,123I,599,32,599,
Loire-Atlantique,60Co,600,32,600,
Loire-Atlantique,85Sr,601,32,601,
Loire-Atlantique,177Lu,602,32,602,
Loire-Atlantique,83Rb,603,32,603,
Loire-Atlantique,14C,604,32,604,
Loire-Atlantique,137Cs,605,32,605,
Loire-Atlantique,60Co,606,32,606,
Loire-Atlantique,125I,607,32,607,
Loire-Atlantique,210Pb,608,32,608,
Loiret,111In,609,19,609,
Loiret,18F,610,19,610,
Loiret,125Sb,611,19,611,
Loiret,54Mn,612,19,612,
Loiret,201Tl,613,19,613,
Loiret,108mAg,614,19,614,
Loiret,131I,615,19,615,
Loiret,22Na,616,19,616,
Loiret,65Zn,617,19,617,
Loiret,99mTc,618,19,618,
Loiret,54Mn,619,19,619,
Loiret,228Th,620,19,620,
Loiret,110mAg,621,19,621,
Loiret,57Co,622,19,622,
Loiret,58Co,623,19,623,
Loiret,123I,624,19,624,
Loiret,137Cs,625,19,625,
Loiret,60Co,626,19,626,
Loiret,210Pb,627,19,627,
Lot-et-Garonne,131I,628,6,628,
Lot-et-Garonne,111In,629,6,629,
Lot-et-Garonne,123I,630,6,630,
Lot-et-Garonne,201Tl,631,6,631,
Lot-et-Garonne,67Ga,632,6,632,
Lot-et-Garonne,99mTc,633,6,633,
Maine-et-Loire,131I,634,6,634,
Maine-et-Loire,111In,635,6,635,
Maine-et-Loire,18F,636,6,636,
Maine-et-Loire,123I,637,6,637,
Maine-et-Loire,68Ge,638,6,638,
Maine-et-Loire,99mTc,639,6,639,
Manche,154Eu,640,32,640,
Manche,125Sb,641,32,641,
Manche,63Ni,642,32,642,
Manche,54Mn,643,32,643,
Manche,137Cs,644,32,644,
Manche,106Rh,645,32,645,
Manche,55Fe,646,32,646,
Manche,108mAg,647,32,647,
Manche,55Fe,648,32,648,
Manche,242Pu,649,32,649,
Manche,90Sr,650,32,650,
Manche,238Pu,651,32,651,
Manche,65Zn,652,32,652,
Manche,106Ru,653,32,653,
Manche,63Ni,654,32,654,
Manche,110mAg,655,32,655,
Manche,240Pu,656,32,656,
Manche,134Cs,657,32,657,
Manche,239Pu,658,32,658,
Manche,3H,659,32,659,
Manche,241Am,660,32,660,
Manche,58Co,661,32,661,
Manche,238Pu,662,32,662,
Manche,90Sr,663,32,663,
Manche,60Co,664,32,664,
Manche,129I,665,32,665,
Manche,244Cm,666,32,666,
Manche,241Pu,667,32,667,
Manche,14C,668,32,668,
Manche,137Cs,669,32,669,
Manche,60Co,670,32,670,
Manche,147Pm,671,32,671,
Marne,131I,672,6,672,
Marne,111In,673,6,673,
Marne,18F,674,6,674,
Marne,123I,675,6,675,
Marne,201Tl,676,6,676,
Marne,99mTc,677,6,677,
Martinique,131I,678,6,678,
Martinique,111In,679,6,679,
Martinique,99mTc,680,6,680,
Martinique,201Tl,681,6,681,
Martinique,67Ga,682,6,682,
Martinique,153Sm,683,6,683,
Meurthe-et-Moselle,57Co,684,16,684,
Meurthe-et-Moselle,68Ga,685,16,685,
Meurthe-et-Moselle,54Mn,686,16,686,
Meurthe-et-Moselle,131I,687,16,687,
Meurthe-et-Moselle,18F,688,16,688,
Meurthe-et-Moselle,58Co,689,16,689,
Meurthe-et-Moselle,56Co,690,16,690,
Meurthe-et-Moselle,99Mo,691,16,691,
Meurthe-et-Moselle,201Tl,692,16,692,
Meurthe-et-Moselle,177Lu,693,16,693,
Meurthe-et-Moselle,68Ge,694,16,694,
Meurthe-et-Moselle,57Co,695,16,695,
Meurthe-et-Moselle,51Cr,696,16,696,
Meurthe-et-Moselle,125I,697,16,697,
Meurthe-et-Moselle,3H,698,16,698,
Meurthe-et-Moselle,99mTc,699,16,699,
Monaco,131I,700,12,700,
Monaco,18F,701,12,701,
Monaco,237Np,702,12,702,
Monaco,123I,703,12,703,
Monaco,90Sr,704,12,704,
Monaco,177Lu,705,12,705,
Monaco,229Th,706,12,706,
Monaco,235U,707,12,707,
Monaco,68Ge,708,12,708,
Monaco,137Cs,709,12,709,
Monaco,99mTc,710,12,710,
Monaco,210Pb,711,12,711,
Moselle,131I,712,12,712,
Moselle,58Co,713,12,713,
Moselle,111In,714,12,714,
Moselle,18F,715,12,715,
Moselle,123I,716,12,716,
Moselle,54Mn,717,12,717,
Moselle,201Tl,718,12,718,
Moselle,110mAg,719,12,719,
Moselle,137Cs,720,12,720,
Moselle,60Co,721,12,721,
Moselle,65Zn,722,12,722,
Moselle,99mTc,723,12,723,
Nièvre,131I,724,6,724,
Nièvre,111In,725,6,725,
Nièvre,18F,726,6,726,
Nièvre,123I,727,6,727,
Nièvre,201Tl,728,6,728,
Nièvre,99mTc,729,6,729,
Nord,111In,730,21,730,
Nord,18F,731,21,731,
Nord,125Sb,732,21,732,
Nord,54Mn,733,21,733,
Nord,201Tl,734,21,734,
Nord,99Tc,735,21,735,
Nord,186Re,736,21,736,
Nord,131I,737,21,737,
Nord,65Zn,738,21,738,
Nord,153Sm,739,21,739,
Nord,99mTc,740,21,740,
Nord,90Y,741,21,741,
Nord,110mAg,742,21,742,
Nord,134Cs,743,21,743,
Nord,67Ga,744,21,744,
Nord,51Cr,745,21,745,
Nord,58Co,746,21,746,
Nord,123I,747,21,747,
Nord,177Lu,748,21,748,
Nord,137Cs,749,21,749,
Nord,60Co,750,21,750,
Paris,111In,751,31,751,
Paris,18F,752,31,752,
Paris,232Th,753,31,753,
Paris,54Mn,754,31,754,
Paris,201Tl,755,31,755,
Paris,230Th,756,31,756,
Paris,131I,757,31,757,
Paris,169Er,758,31,758,
Paris,181W,759,31,759,
Paris,99mTc,760,31,760,
Paris,90Y,761,31,761,
Paris,234U,762,31,762,
Paris,57Co,763,31,763,
Paris,109Cd,764,31,764,
Paris,238U,765,31,765,
Paris,3H,766,31,766,
Paris,241Am,767,31,767,
Paris,226Ra,768,31,768,
Paris,68Ga,769,31,769,
Paris,58Co,770,31,770,
Paris,123I,771,31,771,
Paris,56Co,772,31,772,
Paris,60Co,773,31,773,
Paris,177Lu,774,31,774,
Paris,14C,775,31,775,
Paris,137Cs,776,31,776,
Paris,51Cr,777,31,777,
Paris,122Sb,778,31,778,
Paris,125I,779,31,779,
Paris,210Pb,780,31,780,
Paris,124Sb,781,31,781,
Pas-de-Calais,131I,782,14,782,
Pas-de-Calais,58Co,783,14,783,
Pas-de-Calais,111In,784,14,784,
Pas-de-Calais,18F,785,14,785,
Pas-de-Calais,99mTc,786,14,786,
Pas-de-Calais,123I,787,14,787,
Pas-de-Calais,56Co,788,14,788,
Pas-de-Calais,54Mn,789,14,789,
Pas-de-Calais,201Tl,790,14,790,
Pas-de-Calais,67Ga,791,14,791,
Pas-de-Calais,109Cd,792,14,792,
Pas-de-Calais,51Cr,793,14,793,
Pas-de-Calais,60Co,794,14,794,
Pas-de-Calais,153Sm,795,14,795,
Puy-de-Dôme,131I,796,6,796,
Puy-de-Dôme,18F,797,6,797,
Puy-de-Dôme,123I,798,6,798,
Puy-de-Dôme,177Lu,799,6,799,
Puy-de-Dôme,125I,800,6,800,
Puy-de-Dôme,99mTc,801,6,801,
Pyrénées-Atlantiques,131I,802,6,802,
Pyrénées-Atlantiques,18F,803,6,803,
Pyrénées-Atlantiques,123I,804,6,804,
Pyrénées-Atlantiques,201Tl,805,6,805,
Pyrénées-Atlantiques,67Ga,806,6,806,
Pyrénées-Atlantiques,99mTc,807,6,807,
Pyrénées-Orientales,90Y,808,6,808,
Pyrénées-Orientales,111In,809,6,809,
Pyrénées-Orientales,18F,810,6,810,
Pyrénées-Orientales,123I,811,6,811,
Pyrénées-Orientales,201Tl,812,6,812,
Pyrénées-Orientales,99mTc,813,6,813,
Rhône,111In,814,24,814,
Rhône,18F,815,24,815,
Rhône,232Th,816,24,816,
Rhône,63Ni,817,24,817,
Rhône,201Tl,818,24,818,
Rhône,153Gd,819,24,819,
Rhône,137Cs,820,24,820,
Rhône,U,821,24,821,
Rhône,131I,822,24,822,
Rhône,125I,823,24,823,
Rhône,99mTc,824,24,824,
Rhône,90Y,825,24,825,
Rhône,234U,826,24,826,
Rhône,235U,827,24,827,
Rhône,109Cd,828,24,828,
Rhône,238U,829,24,829,
Rhône,3H,830,24,830,
Rhône,226Ra,831,24,831,
Rhône,123I,832,24,832,
Rhône,60Co,833,24,833,
Rhône,177Lu,834,24,834,
Rhône,14C,835,24,835,
Rhône,137Cs,836,24,836,
Rhône,210Pb,837,24,837,
Sarthe,131I,838,6,838,
Sarthe,111In,839,6,839,
Sarthe,123I,840,6,840,
Sarthe,99Mo,841,6,841,
Sarthe,201Tl,842,6,842,
Sarthe,99mTc,843,6,843,
Savoie,131I,844,6,844,
Savoie,111In,845,6,845,
Savoie,18F,846,6,846,
Savoie,99mTc,847,6,847,
Savoie,123I,848,6,848,
Savoie,153Sm,849,6,849,
Saône-et-Loire,131I,850,6,850,
Saône-et-Loire,111In,851,6,851,
Saône-et-Loire,123I,852,6,852,
Saône-et-Loire,201Tl,853,6,853,
Saône-et-Loire,67Ga,854,6,854,
Saône-et-Loire,99mTc,855,6,855,
Seine-Maritime,90Y,856,12,856,
Seine-Maritime,131I,857,12,857,
Seine-Maritime,58Co,858,12,858,
Seine-Maritime,18F,859,12,859,
Seine-Maritime,123I,860,12,860,
Seine-Maritime,54Mn,861,12,861,
Seine-Maritime,177Lu,862,12,862,
Seine-Maritime,110mAg,863,12,863,
Seine-Maritime,137Cs,864,12,864,
Seine-Maritime,60Co,865,12,865,
Seine-Maritime,65Zn,866,12,866,
Seine-Maritime,99mTc,867,12,867,
Seine-Saint-Denis,111In,868,6,868,
Seine-Saint-Denis,18F,869,6,869,
Seine-Saint-Denis,123I,870,6,870,
Seine-Saint-Denis,201Tl,871,6,871,
Seine-Saint-Denis,125I,872,6,872,
Seine-Saint-Denis,99mTc,873,6,873,
Somme,131I,874,9,874,
Somme,111In,875,9,875,
Somme,18F,876,9,876,
Somme,123I,877,9,877,
Somme,99Mo,878,9,878,
Somme,201Tl,879,9,879,
Somme,67Ga,880,9,880,
Somme,125I,881,9,881,
Somme,99mTc,882,9,882,
Tarn,131I,883,6,883,
Tarn,111In,884,6,884,
Tarn,18F,885,6,885,
Tarn,123I,886,6,886,
Tarn,201Tl,887,6,887,
Tarn,99mTc,888,6,888,
Tarn-et-Garonne,58Co,889,6,889,
Tarn-et-Garonne,54Mn,890,6,890,
Tarn-et-Garonne,110mAg,891,6,891,
Tarn-et-Garonne,137Cs,892,6,892,
Tarn-et-Garonne,60Co,893,6,893,
Tarn-et-Garonne,65Zn,894,6,894,
Territoire de Belfort,131I,895,6,895,
Territoire de Belfort,111In,896,6,896,
Territoire de Belfort,18F,897,6,897,
Territoire de Belfort,123I,898,6,898,
Territoire de Belfort,201Tl,899,6,899,
Territoire de Belfort,99mTc,900,6,900,
Val-dOise,183Re,901,12,901,
Val-dOise,131I,902,12,902,
Val-dOise,58Co,903,12,903,
Val-dOise,111In,904,12,904,
Val-dOise,18F,905,12,905,
Val-dOise,123I,906,12,906,
Val-dOise,56Co,907,12,907,
Val-dOise,57Co,908,12,908,
Val-dOise,67Ga,909,12,909,
Val-dOise,51Cr,910,12,910,
Val-dOise,3H,911,12,911,
Val-dOise,99mTc,912,12,912,
Val-de-Marne,111In,913,19,913,
Val-de-Marne,18F,914,19,914,
Val-de-Marne,201Tl,915,19,915,
Val-de-Marne,131I,916,19,916,
Val-de-Marne,90Sr,917,19,917,
Val-de-Marne,99mTc,918,19,918,
Val-de-Marne,235U,919,19,919,
Val-de-Marne,67Ga,920,19,920,
Val-de-Marne,239Pu,921,19,921,
Val-de-Marne,240Pu,922,19,922,
Val-de-Marne,238U,923,19,923,
Val-de-Marne,3H,924,19,924,
Val-de-Marne,133Ba,925,19,925,
Val-de-Marne,241Am,926,19,926,
Val-de-Marne,226Ra,927,19,927,
Val-de-Marne,123I,928,19,928,
Val-de-Marne,177Lu,929,19,929,
Val-de-Marne,137Cs,930,19,930,
Val-de-Marne,60Co,931,19,931,
Var,90Y,932,6,932,
Var,131I,933,6,933,
Var,111In,934,6,934,
Var,18F,935,6,935,
Var,123I,936,6,936,
Var,99mTc,937,6,937,
Vaucluse,154Eu,938,34,938,
Vaucluse,90Y,939,34,939,
Vaucluse,125Sb,940,34,940,
Vaucluse,63Ni,941,34,941,
Vaucluse,54Mn,942,34,942,
Vaucluse,137Cs,943,34,943,
Vaucluse,55Fe,944,34,944,
Vaucluse,U,945,34,945,
Vaucluse,55Fe,946,34,946,
Vaucluse,242Pu,947,34,947,
Vaucluse,90Sr,948,34,948,
Vaucluse,Am,949,34,949,
Vaucluse,65Zn,950,34,950,
Vaucluse,106Ru,951,34,951,
Vaucluse,Pu,952,34,952,
Vaucluse,110mAg,953,34,953,
Vaucluse,234U,954,34,954,
Vaucluse,240Pu,955,34,955,
Vaucluse,57Co,956,34,956,
Vaucluse,239Pu,957,34,957,
Vaucluse,134Cs,958,34,958,
Vaucluse,3H,959,34,959,
Vaucluse,241Am,960,34,960,
Vaucluse,58Co,961,34,961,
Vaucluse,238Pu,962,34,962,
Vaucluse,56Co,963,34,963,
Vaucluse,90Sr,964,34,964,
Vaucluse,60Co,965,34,965,
Vaucluse,129I,966,34,966,
Vaucluse,95Zr,967,34,967,
Vaucluse,244Cm,968,34,968,
Vaucluse,241Pu,969,34,969,
Vaucluse,137Cs,970,34,970,
Vaucluse,60Co,971,34,971,
Vendée,90Y,972,6,972,
Vendée,131I,973,6,973,
Vendée,111In,974,6,974,
Vendée,18F,975,6,975,
Vendée,123I,976,6,976,
Vendée,99mTc,977,6,977,
Vienne,90Y,978,12,978,
Vienne,131I,979,12,979,
Vienne,58Co,980,12,980,
Vienne,111In,981,12,981,
Vienne,123I,982,12,982,
Vienne,54Mn,983,12,983,
Vienne,177Lu,984,12,984,
Vienne,110mAg,985,12,985,
Vienne,137Cs,986,12,986,
Vienne,60Co,987,12,987,
Vienne,65Zn,988,12,988,
Vienne,99mTc,989,12,989,
Yonne,131I,990,6,990,
Yonne,111In,991,6,991,
Yonne,18F,992,6,992,
Yonne,123I,993,6,993,
Yonne,201Tl,994,6,994,
Yonne,99mTc,995,6,995,
Yvelines,111In,996,19,996,
Yvelines,18F,997,19,997,
Yvelines,232Th,998,19,998,
Yvelines,201Tl,999,19,999,
Yvelines,U,1000,19,1000,
Yvelines,Po,1001,19,1001,
Yvelines,131I,1002,19,1002,
Yvelines,Am,1003,19,1003,
Yvelines,99mTc,1004,19,1004,
Yvelines,Pu,1005,19,1005,
Yvelines,3H,1006,19,1006,
Yvelines,133Ba,1007,19,1007,
Yvelines,226Ra,1008,19,1008,
Yvelines,123I,1009,19,1009,
Yvelines,90Sr,1010,19,1010,
Yvelines,60Co,1011,19,1011,
Yvelines,14C,1012,19,1012,
Yvelines,137Cs,1013,19,1013,
Yvelines,Th,1014,19,1014,
